<?xml version="1.0" encoding="UTF-8"?>
<vcs-root xmlns:xsi="http://www.w3.org/2001/XMLSchema-instance" uuid="16470e1a-19c6-42e2-b048-1ef1689fc136" type="jetbrains.git" xsi:noNamespaceSchemaLocation="http://www.jetbrains.com/teamcity/schemas/2018.1/project-config.xsd">
  <name>https://github.com/ebenezergraham/integrated-project-two#refs/heads/submission</name>
  <param name="agentCleanFilesPolicy" value="ALL_UNTRACKED" />
  <param name="agentCleanPolicy" value="ON_BRANCH_CHANGE" />
  <param name="authMethod" value="PASSWORD" />
  <param name="branch" value="refs/heads/submission" />
  <param name="ignoreKnownHosts" value="true" />
  <param name="secure:password" value="zxx9012861c41a1fa189b3729f2b84e9c81775d03cbe80d301b" />
  <param name="submoduleCheckout" value="CHECKOUT" />
  <param name="url" value="https://github.com/ebenezergraham/integrated-project-two" />
  <param name="useAlternates" value="true" />
  <param name="username" value="ebenezergraham" />
  <param name="usernameStyle" value="USERID" />
</vcs-root>

