<?xml version="1.0" encoding="UTF-8"?>
<build-type xmlns:xsi="http://www.w3.org/2001/XMLSchema-instance" uuid="8a086c11-d127-4cec-9d1e-13ed44485478" xsi:noNamespaceSchemaLocation="http://www.jetbrains.com/teamcity/schemas/2018.1/project-config.xsd">
  <name>Release</name>
  <description />
  <settings>
    <parameters />
    <build-runners>
      <runner id="RUNNER_3" name="Release" type="simpleRunner">
        <parameters>
          <param name="script.content"><![CDATA[rm -r /var/www/html/*
mv $PWD/* /var/www/html/]]></param>
          <param name="teamcity.step.mode" value="default" />
          <param name="use.custom.script" value="true" />
        </parameters>
      </runner>
    </build-runners>
    <vcs-settings>
      <vcs-entry-ref root-id="IntegratedProjectTwo_HttpsGithubComEbenezergrahamIntegratedProjectTwoRefsHeads_2" />
    </vcs-settings>
    <requirements />
    <build-triggers>
      <build-trigger id="vcsTrigger" type="vcsTrigger">
        <parameters>
          <param name="branchFilter" value="+:*" />
          <param name="enableQueueOptimization" value="true" />
          <param name="quietPeriodMode" value="DO_NOT_USE" />
        </parameters>
      </build-trigger>
    </build-triggers>
    <cleanup />
  </settings>
</build-type>

